N,optimizer_step,mean_test_L1,std_test_L1,n_seeds
500,10,484.1007297913277,0.8995319977226099,3
500,30,460.6577464182244,3.0086479077637174,3
500,50,433.904815699362,5.130745202875123,3
500,100,340.4264812009872,13.46360865285745,3
500,300,92.4216126582958,6.917132619250495,3
500,1000,24.938748169744898,4.1824144008075095,3
500,3000,19.519255119475048,2.19933107887,3
500,10000,19.31580994912972,1.0448171299832227,3
500,30000,19.03583041130736,1.3713644447594528,3
500,50000,18.799969530396947,1.4396104874219358,3
2500,10,483.9042076767643,0.8242948033098656,3
2500,30,460.4368051472696,2.843104217004073,3
2500,50,433.72391906973326,4.768973869754921,3
2500,100,339.76085877260203,13.524152584095871,3
2500,300,106.43200056526344,10.120215659418506,3
2500,1000,33.23191623221572,1.0693860358428695,3
2500,3000,14.978897073484768,0.6497113047954982,3
2500,10000,16.482079507070754,1.4128122876539524,3
2500,30000,16.08311827682746,1.5921226095507417,3
2500,50000,16.093929701471307,2.7095003460464864,3
10000,10,484.0094754624347,0.610483118520139,3
10000,30,460.5056274623765,2.795061060419432,3
10000,50,433.7910952945047,5.092034808805987,3
10000,100,339.9668860251185,13.460746780739749,3
10000,300,109.23646240415412,3.7327060719446448,3
10000,1000,31.767579438249754,10.126347989948934,3
10000,3000,20.555637745124503,5.304707310398557,3
10000,10000,14.452939426922764,0.8577492040089041,3
10000,30000,14.07600865909169,0.3195630696256795,3
10000,50000,13.53053236494796,0.88937600796137,3
50000,10,484.00322056923886,1.0244692462020846,3
50000,30,460.3446149756388,2.991178487631295,3
50000,50,433.46272263598667,4.937522735040561,3
50000,100,339.2893156272615,13.028669748866935,3
50000,300,92.30094626590892,0.7976761170634896,3
50000,1000,37.90065319933807,9.915348181863932,3
50000,3000,14.87341220723932,1.882212038546172,3
50000,10000,16.09062379820931,5.627037141104976,3
50000,30000,12.38963798231327,1.2201203377960836,3
50000,50000,13.43918211682498,0.9257817259045086,3
100000,10,483.9081131168693,0.8336816017170399,3
100000,30,460.4192708061437,2.929473993293477,3
100000,50,433.5428618576054,4.842004821186237,3
100000,100,339.3802607971543,12.897087390669435,3
100000,300,91.83609986581416,1.2660465616651102,3
100000,1000,87.82454619834509,4.1225239441391,3
100000,3000,18.225513915086296,2.6237804590142284,3
100000,10000,12.594513150724488,0.6047620994758564,3
100000,30000,11.24497977874171,0.2041470706644094,3
100000,50000,13.821481662266043,1.1141010766224768,3
280000,10,483.9342963771487,0.8532868561053749,3
280000,30,460.36721175006846,3.07312249634678,3
280000,50,433.46728868032847,5.379995193656621,3
280000,100,339.5285957906243,13.967716589795517,3
280000,300,99.23342792973916,11.865563356779802,3
280000,1000,86.48928218425995,12.552076427476454,3
280000,3000,18.525499194100828,1.979188430785351,3
280000,10000,12.697341149232022,2.295054154897187,3
280000,30000,9.974034009516592,0.3803595015377624,3
280000,50000,11.477338387291931,1.3704435626778673,3
465356,10,483.8309982025303,0.7105786554167483,3
465356,30,460.2500411638128,3.067476527438436,3
465356,50,433.17178917022426,5.473021816109823,3
465356,100,338.5870227463185,14.990417803194765,3
465356,300,98.05112242072484,9.977028382436938,3
465356,1000,89.82152045545389,36.534920439467406,3
465356,3000,33.88927046132435,12.215930664507828,3
465356,10000,12.250481472591307,0.6754644260124262,3
465356,30000,11.327525845819745,1.824159207444492,3
465356,50000,10.407135272934552,0.671267832867925,3
