N,mean_test_L1,std_test_L1,n_seeds
500,16.381860401498816,1.2855796153282657,3
1000,14.718739498840932,0.437838915679144,3
2500,13.319446101666433,0.3407755410371273,3
5600,12.792319867573733,0.2139421531468851,3
10000,12.472099155838563,0.1992953484174265,3
25000,11.601135704268485,0.2012271310772414,3
50000,11.388884238203332,0.1401405443728331,3
100000,10.86581796123861,0.1971742828844131,3
200000,9.722084773273494,0.1598384158993765,3
280000,9.457469322287716,0.1704196162744256,3
400000,9.0689430467489,0.0218020436544488,3
465356,8.965995606419803,0.0331606559294984,3
