N,optimizer_step,mean_test_L1,SD_test_L1,SEM_test_L1,n_seeds,mean_train_L1,mean_validation_L1,mean_median_relative_error,mean_Pearson_r,mean_R2
500,10,484.10072979132764,0.8995319977226099,0.5193450410298307,3,472.4260957693259,470.1955125406724,0.992589042290502,0.8745555035554542,-17.282332617018103
500,30,460.65774641822435,3.0086479077637174,1.7370436794441866,3,448.96275774892166,446.72956689492685,0.9413528463329125,0.8535976547890147,-15.652532651192635
500,50,433.904815699362,5.130745202875123,2.9622371240233334,3,422.21075351715086,419.97798844496833,0.882930986077416,0.8510035626026617,-13.88751898574587
500,100,340.4264812009872,13.46360865285745,7.773218079991024,3,328.73710721842446,326.50634263461535,0.6787656073345344,0.8457129681966692,-8.55400329595084
500,300,92.42161265829579,6.917132619250495,3.9936083797446145,3,85.29922477213542,85.62030083065322,0.18453357423230224,0.8423164922777505,0.07557785951618394
500,1000,24.938748169744898,4.1824144008075095,2.414718080168783,3,19.412083292643228,21.95176719107087,0.041308178594271466,0.9702605445379365,0.910159086601638
500,3000,19.519255119475048,2.19933107887,1.2697843904227044,3,10.981764912923177,16.99964956994457,0.027661580239174612,0.9726775958280872,0.9385956809599286
500,10000,19.31580994912972,1.0448171299832227,0.6032254512497459,3,7.063811401367187,16.021952317493525,0.026998323467874476,0.9720546908608849,0.9389126155276496
500,30000,19.035830411307362,1.3713644447594528,0.7917576313389518,3,4.347995056152343,15.402042711861156,0.026902914186508812,0.9731318857640116,0.93945969254316
500,50000,18.799969530396947,1.4396104874219358,0.831159502441263,3,3.5114421997070315,15.233562752342232,0.026414078264198143,0.9741379534092579,0.9405742767771308
2500,10,483.9042076767643,0.8242948033098656,0.47590682658256056,3,471.5558326088905,470.00058267158784,0.992154941806144,0.8706391622080112,-17.268082573676214
2500,30,460.4368051472696,2.8431042170040732,1.641466985021462,3,448.0669311968486,446.50865691697294,0.9408688956034785,0.8540554701935396,-15.637425091644332
2500,50,433.72391906973326,4.768973869754921,2.7533683474612953,3,421.35509560699467,419.79728394175396,0.8825356420333645,0.8513263323008614,-13.875638209772381
2500,100,339.76085877260203,13.524152584095871,7.808173134989325,3,327.39728248901366,325.84096960483527,0.677310405396293,0.8452751345195905,-8.520588447926464
2500,300,106.43200056526344,10.120215659418506,5.842909235222341,3,103.99023466389974,104.15886319437531,0.2310827339885094,0.8259176565846467,-0.1355012282860343
2500,1000,33.23191623221572,1.0693860358428697,0.6174103156615076,3,30.383076379394527,30.677934726254524,0.059154980503008846,0.9769647205428503,0.866060481802697
2500,3000,14.978897073484768,0.6497113047954982,0.37511099671922393,3,10.042281176757813,12.526720544178149,0.02110108282292088,0.981580849664257,0.9629820452095391
2500,10000,16.482079507070754,1.4128122876539524,0.8156875545914205,3,7.8129355875651045,14.152366882433604,0.023185895393680923,0.9809771633110751,0.9549637785183912
2500,30000,16.08311827682746,1.5921226095507415,0.9192124172070101,3,6.017811861165364,13.58188301493378,0.023884511875189907,0.9816413591673417,0.9593974786778777
2500,50000,16.093929701471307,2.7095003460464864,1.5643307541593232,3,4.89804677734375,13.275067090038283,0.023210443876751363,0.9819114504317873,0.9572799645723312
10000,10,484.0094754624347,0.610483118520139,0.3524625928133245,3,470.5506067752838,470.10934421779956,0.9924096460337033,0.8649641767642025,-17.275545499844437
10000,30,460.5056274623765,2.7950610604194317,1.6137292556346,3,447.01890599117286,446.57762781710113,0.9410201939143285,0.85316241616627,-15.642122392340069
10000,50,433.7910952945047,5.092034808805987,2.939887667587081,3,420.30586898333235,419.8644561113179,0.8826814149257114,0.851030761150659,-13.880158307028438
10000,100,339.9668860251185,13.460746780739747,7.771565777353482,3,326.48883709971113,326.0470990663825,0.6777591120191531,0.8445876793369343,-8.53085736369522
10000,300,109.23646240415412,3.7327060719446448,2.155078855442991,3,107.97307247517904,108.05226478305654,0.2398499308591494,0.8468338744619288,-0.17546096546293236
10000,1000,31.767579438249754,10.126347989948934,5.846449737904844,3,29.922531754557294,29.99385626781878,0.06591257797275894,0.9825085373065253,0.8935158868747584
10000,3000,20.555637745124503,5.304707310398557,3.062674193630783,3,17.698378598022458,18.506440998905116,0.03760473529053168,0.9828119059005817,0.9449685646625645
10000,10000,14.452939426922763,0.8577492040089041,0.495221733831728,3,8.285380756632486,12.273401440710785,0.02186337570903504,0.9842070499845882,0.9669454155117476
10000,30000,14.07600865909169,0.3195630696256795,0.18449982427144918,3,5.163744602457682,11.919295236496557,0.01952366965021246,0.9848688542449501,0.9667379419092813
10000,50000,13.530532364947959,0.88937600796137,0.5134814776072917,3,2.779959362792969,11.214896935907198,0.018374004606587755,0.9851044086317566,0.9683819217010105
50000,10,484.00322056923886,1.0244692462020846,0.5914775950712665,3,470.3312958927043,470.1020720979771,0.9923804944309748,0.867596480507609,-17.275302815246175
50000,30,460.34461497563876,2.991178487631295,1.726957705028146,3,446.64595675067903,446.41630843390294,0.9406708430761856,0.8542608130726951,-15.631281552584559
50000,50,433.46272263598667,4.937522735040561,2.8506800802055654,3,419.765615149765,419.53599593161636,0.8819645333325989,0.8514619872765598,-13.859062326902356
50000,100,339.2893156272615,13.028669748866937,7.52210598669106,3,325.5986565151977,325.3691310685585,0.6762809024278941,0.8451853826371613,-8.496421531813297
50000,300,92.30094626590893,0.7976761170634896,0.46053852091274117,3,82.30735561869302,82.47301291561165,0.1576049419767818,0.845858374112852,-0.15175129914204524
50000,1000,37.90065319933807,9.915348181863932,5.724628941908008,3,37.42990176981608,37.44708598477295,0.0743679152073862,0.9479750190919423,0.8378693084855208
50000,3000,14.873412207239321,1.8822120385461716,1.0866956271265864,3,13.257823892211915,13.342062688657412,0.024767214728561342,0.9861278609597317,0.9691862258448917
50000,10000,16.09062379820931,5.627037141104976,3.2487714081569803,3,13.388687981567385,14.06411998155959,0.02781813827325728,0.9886107548164321,0.963198867553995
50000,30000,12.38963798231327,1.2201203377960836,0.7044368054703061,3,5.59904125406901,10.376705782466878,0.017921089203000253,0.9878523882310942,0.9744273003115861
50000,50000,13.43918211682498,0.9257817259045086,0.5345003286618044,3,6.330681645304362,11.375952630327133,0.019603445454843754,0.987475808870579,0.9707610226540234
100000,10,483.9081131168693,0.8336816017170399,0.4813262971697714,3,470.28036806283916,470.00867104336675,0.9921604800397335,0.8642686382644692,-17.268509153560245
100000,30,460.4192708061437,2.9294739932934775,1.6913325986119974,3,446.7633721131452,446.49093204305194,0.9408345644836643,0.854509127813377,-15.636362772045793
100000,50,433.5428618576054,4.842004821186237,2.79553278692934,3,419.88826149635315,419.6158450420562,0.882142059036434,0.8512943942181832,-13.86426165238609
100000,100,339.3802607971543,12.897087390669435,7.446136876765127,3,325.7319633423869,325.4596488420559,0.676482670325905,0.8454242193163836,-8.500913111217994
100000,300,91.83609986581415,1.2660465616651102,0.7309523231839515,3,82.11785476094563,82.14014132280862,0.16315535179873553,0.8487596159230147,-0.09570172976744251
100000,1000,87.82454619834509,4.1225239441390995,2.380140308889387,3,79.14350804341635,79.26860289102174,0.16560931070178175,0.8817382236005532,0.08133967584781732
100000,3000,18.225513915086296,2.6237804590142284,1.5148403543063447,3,15.963499126993815,15.92148059849938,0.028686917722914842,0.9829542721083234,0.9478104505214642
100000,10000,12.594513150724488,0.6047620994758564,0.34915956092806893,3,10.748795875142415,10.996111187463748,0.0197109436534336,0.9891868192365156,0.9757904999484112
100000,30000,11.24497977874171,0.20414707066440949,0.11786436620237038,3,7.526755366109213,9.45986223629671,0.015327297758653389,0.989448267753966,0.976906768701386
100000,50000,13.821481662266043,1.1141010766224768,0.6432265564924389,3,9.083809896240234,11.95151651343812,0.01929509511131709,0.9885350254522284,0.9675142176827629
280000,10,483.93429637714866,0.8532868561053749,0.4926453960684077,3,470.4442020244753,470.03447607608996,0.9922161708936209,0.8651607396471128,-17.270419893266293
280000,30,460.36721175006846,3.0731224963467794,1.774268100518508,3,446.8496414545604,446.43888149419604,0.9407205072374524,0.8544432706858487,-15.632862023539952
280000,50,433.46728868032847,5.379995193656621,3.106141673296543,3,419.9508319521087,419.5401740121559,0.8819773388702262,0.8514759244414197,-13.859735136886952
280000,100,339.5285957906243,13.967716589795517,8.064264933082844,3,326.01796141767954,325.60771527966205,0.6768078205897806,0.8462235891501839,-8.509763629793321
280000,300,99.23342792973915,11.865563356779802,6.850586198123379,3,89.54246465508596,89.48177543621152,0.1682146015335336,0.8366986070787235,-0.3138402716381197
280000,1000,86.48928218425995,12.552076427476454,7.246944704292287,3,76.7958523955209,76.72413845055124,0.13921274213503154,0.862978648513468,-0.08473589851186854
280000,3000,18.525499194100828,1.9791884307853507,1.1426849732909152,3,17.380312655421665,17.346814008480198,0.032433075116521264,0.983221840778925,0.9538425954102068
280000,10000,12.697341149232022,2.295054154897187,1.32505013413466,3,10.88116908820016,10.99739186670528,0.018720906843239845,0.990189405254692,0.9731808934200665
280000,30000,9.974034009516593,0.3803595015377624,0.219600660601659,3,7.667966644759406,8.586399851597982,0.01389929387897292,0.9911959992275255,0.9819246257422029
280000,50000,11.477338387291931,1.3704435626778673,0.7912259598212564,3,7.941115096718924,9.870520765836519,0.016137627052430714,0.9905483279052903,0.9770284615397219
465356,10,483.8309982025303,0.7105786554167483,0.41025277798526194,3,470.2446032055786,469.93101839475486,0.9919872323407591,0.8628321775719988,-17.262933571387634
465356,30,460.2500411638128,3.067476527438436,1.7710083988494396,3,446.6360067758342,446.3215355552979,0.9404666072167082,0.855066488834476,-15.624944800861025
465356,50,433.17178917022426,5.4730218161098225,3.1598506188117006,3,419.5590270208988,419.24465674246375,0.8813318893672365,0.8516342715856906,-13.840850688960609
465356,100,338.58702274631855,14.990417803194765,8.654721753939457,3,324.98045136757736,324.66641246103285,0.6747505683615436,0.8459813833040011,-8.464094211779113
465356,300,98.05112242072484,9.977028382436938,5.7602400223125025,3,88.50135691521956,88.53575718982164,0.1683132327475454,0.8443588634376665,-0.24820556216043513
465356,1000,89.82152045545389,36.534920439467406,21.09344615054807,3,84.76859607022764,84.84909986868962,0.16175616097769188,0.8819685575910432,-0.08226903876549652
465356,3000,33.88927046132435,12.215930664507828,7.0528708575553996,3,34.34082204817923,34.27658721436312,0.05737935078481226,0.9658412681426146,0.8329705567268552
465356,10000,12.250481472591309,0.6754644260124262,0.3899795681862903,3,11.0726131196053,11.171763748890777,0.019497533764200575,0.9899344236422417,0.9767041277612684
465356,30000,11.327525845819743,1.8241592074444917,1.0531788094628116,3,9.277699536347667,9.69712253502141,0.016553999530131213,0.9910801509440165,0.9776646990173005
465356,50000,10.407135272934553,0.671267832867925,0.38755666400463323,3,7.257536442231854,8.538898496790486,0.013984131504983982,0.9906016393117638,0.9796640111471334
