N,seeds,test_L1_mean,test_L1_SD,test_L1_SEM,best_validation_L1_mean,best_validation_L1_SD,best_validation_L1_SEM,median_relative_error_mean,median_relative_error_SD,median_relative_error_SEM,Pearson_r_mean,Pearson_r_SD,Pearson_r_SEM,R2_mean,R2_SD,R2_SEM,true_optimizer_steps_mean,true_optimizer_steps_SD,true_optimizer_steps_SEM,examples_seen_mean,examples_seen_SD,examples_seen_SEM,wall_time_seconds_mean,wall_time_seconds_SD,wall_time_seconds_SEM,GPU_time_seconds_mean,GPU_time_seconds_SD,GPU_time_seconds_SEM
500,3,16.381860401498816,1.2855796153282655,0.7422297369744697,13.458946224092587,0.6663965179797765,0.3847442090426533,0.02304710060677831,0.001347924596565138,0.0007782246286742001,0.9786302376981633,0.0039701596346847935,0.0022921727338110517,0.955552103532237,0.00859632205250411,0.004963088851053964,2672.6666666666665,322.5047803263284,186.19822173634682,44000.0,3278.7192621510003,1892.9694486000913,147.67396607467285,9.918513708893201,5.726456559790483,140.50339583333334,9.905002848278132,5.7186560607773895
1000,3,14.718739498840932,0.43783891567914407,0.2527864158290477,12.087968196462386,0.2804125636529684,0.16189626910919439,0.020111275036922095,0.0006513563750488592,0.00037606077847283773,0.981987201382367,0.0009257728311067313,0.0005344951932479133,0.9628421106964217,0.0032498632975688996,0.0018763094496808891,2960.0,1035.3569432809152,597.7636099105845,90000.0,27730.849247724094,16010.413278030437,156.8582072656524,43.891053125239054,25.340511336872936,150.2136822916667,44.61797387461062,25.760199227202133
2500,3,13.319446101666431,0.34077554103712737,0.19674685035102585,11.06245411267268,0.07362797243629365,0.04250912970598049,0.017943745615320975,0.0001989631063301477,0.00011487140299851492,0.9851232722632108,0.0008454103136290365,0.0004880978721494102,0.9696112195019122,0.002241866037932178,0.0012943419604872228,3784.6666666666665,747.0377054294738,431.30242032450707,265000.0,49812.147112928185,28759.05654456233,188.66901063468927,33.73967923082165,19.479612886286507,181.73154687500002,33.568465343319104,19.380762502247908
5600,3,12.792319867573733,0.21394215314688517,0.1235195597103623,10.684590177118311,0.09508582092549148,0.05489782430744906,0.017341643517500362,0.000211789496134339,0.00012227672260469583,0.9861720305305822,0.0007861190327643522,0.00045386603518158695,0.9721964533103078,0.0014582567797509218,0.0008419249443367916,4101.666666666667,717.7620311310242,414.40010188758936,619733.3333333334,96074.41560235136,55468.589710253545,184.76411622494925,54.43775383606706,31.429651831331903,177.60169531250003,54.384899191010895,31.3991361877808
10000,3,12.472099155838565,0.19929534841742655,0.11506322305704147,10.41542974683613,0.08825763389504597,0.05095556868734423,0.016906030061028438,0.0001447780133092868,8.358762495685597e-05,0.9869820064959782,0.0005150932603222269,0.0002973892325047997,0.9735640064766633,0.0011331574196847228,0.0006542287412891964,4662.0,1233.6822929749783,712.2668039435786,1183333.3333333333,302379.4525647094,174578.85833564666,218.35172981733922,53.393495101375244,30.826748769753962,211.3369583333333,53.430973280657575,30.848386806651355
25000,3,11.601135704268485,0.2012271310772414,0.11617853829570145,9.749028787588445,0.07782959348359553,0.04493493674867302,0.015556692158881969,0.00023020890682649766,0.0001329111743261279,0.9884188664765383,0.00039223248234569416,0.00022645552926720168,0.9766621243343908,0.0007755354610988217,0.0004477556072315053,8007.666666666667,1740.811400851147,1005.0579308897793,3650000.0,859869.176095992,496445.7002868827,309.17248634664185,66.06303902285374,38.14151336332936,301.8814010416667,65.94548207347056,38.07364182695787
50000,3,11.388884238203332,0.14014054437283316,0.08091018101803592,9.599227150193661,0.0777327607832819,0.04487903036308059,0.015321286684766731,0.00012033315118603933,6.947437722969574e-05,0.9889279798883713,0.0002729951949853596,0.00015761384931227177,0.9773784261934625,0.0007566751610206194,0.0004368666079043581,10433.0,1000.716243497626,577.7637925657855,6600000.0,567890.8345800274,327871.92621510004,345.26079046404146,29.1200624503251,16.812475894513913,338.049875,29.131814750831396,16.81926108837482
100000,3,10.86581796123861,0.19717428288441313,0.11383862530058735,9.1332231538157,0.18810806259107354,0.10860424057369529,0.014266633379370591,0.00024274135934285372,0.00014014678916005228,0.9896031722031381,0.00038011852666208025,0.00021946153369231599,0.978816862048787,0.0009159711132270035,0.0005288361687915317,17247.0,968.2246640114059,559.0047704030202,13400000.0,608276.253029822,351188.45842842467,482.71447577971657,40.58902275333771,23.434083212783374,475.34675,40.77029399052968,23.538740210372495
200000,3,9.722084773273494,0.1598384158993765,0.09228275244634838,8.049966612961333,0.2165037263104298,0.12499848466588372,0.012607178940723386,0.00030886969970613095,0.0001783260042698536,0.9912408725654097,0.00011821512989399948,6.825153706658717e-05,0.9820938637752447,0.00017170121387752424,9.913174205237413e-05,28373.333333333332,3041.234836926167,1755.8577517681904,25333333.333333332,2715388.247255507,1567730.135507313,644.7004171190007,58.679556246316096,33.878657594738385,637.3261875,58.58851037626215,33.826092237154135
280000,3,9.457469322287716,0.17041961627442562,0.09839181133123236,7.8185051685497955,0.19606290267698767,0.11319696963865823,0.012280618139770704,0.00024848804516398946,0.0001434646397658332,0.9916371129722599,0.00013043065390691436,7.530417314373592e-05,0.9829666332691396,0.00023652577390182524,0.00013655821923250336,36964.333333333336,2957.581162594415,1707.5602803740521,33973333.333333336,2748187.2813426186,1586666.6666666667,808.4571932032704,70.08537644036382,40.46381095410031,800.9523333333333,69.91559569151752,40.36578799305068
400000,3,9.0689430467489,0.021802043654448877,0.012587415772780032,7.440409937186366,0.06268559611897598,0.036191545793602946,0.011765706792366775,6.280143930868406e-05,3.625842789036469e-05,0.9920164867213718,4.181713930232252e-05,2.414313663293599e-05,0.9838083375946693,9.687169257626399e-05,5.592889778576069e-05,41908.333333333336,5444.471722153889,3143.367214380853,40000000.0,5106858.133921482,2948445.9183327975,902.640016250972,109.60826880014564,63.282363497172945,894.9205625,109.76465779728677,63.372654726770676
465356,3,8.965995606419803,0.033160655929498434,0.019145313627400483,7.286781233028608,0.06170536162157241,0.035625607142658035,0.011596361363642707,2.431519684025693e-05,1.4038385441121078e-05,0.9920895971690246,7.659595233247692e-05,4.42226936979913e-05,0.9839108102331712,0.00019424640200760545,0.00011214821248820727,48985.0,8273.48022297751,4776.696033871111,47000956.0,7938378.6858637575,4583225.071212628,1051.1624963279658,181.8310541194444,104.98020804289463,1043.0686041666665,181.84574572880544,104.98869024751407
